triangles,centroid_x_mm,centroid_y_mm,centroid_z_mm,size_x_mm,size_y_mm,size_z_mm,volume_mm3,principal_x,principal_y,principal_z,principal_span_mm,angle_from_vertical_deg,component
15516,0.10158014322791203,186.4877361564115,-62.66941661733097,5.588546991348267,5.5906524658203125,6.451183319091797,52.200813065389575,0.0005609500688283328,0.0009750802031208428,-0.9999993672766087,6.4534932875454984,89.94413201082138,1
15516,0.06844432707186099,421.75038809996346,-57.3629707393956,5.591786623001099,5.583709716796875,6.451152801513672,52.20080639631677,-0.00015309574900204443,0.0011214626699930508,0.9999993594413809,6.453407692341827,89.93574490865922,2
6408,-12.274299373558874,30.240865536198434,-0.7526464695440349,23.330939412117004,50.84328651428223,37.02605438232422,17761.247431481366,-0.06639120324671881,0.39051630514675223,0.9181989019520669,54.43343086852278,67.01337077294282,3
6408,12.260063635970958,342.01080713418935,-0.8570411687424616,23.299009084701538,50.85064697265625,37.025489807128906,17761.244563292723,-0.06581652830077486,0.38940206998302607,-0.9187133462050976,54.39058878055063,67.0827004318559,4
5848,-11.926704284893669,29.86340543688893,-37.34890570305713,23.226358771324158,50.7539176940918,37.048837661743164,18663.689780751316,-0.04660513826302506,0.3281699108841478,0.9434683199121074,52.04852900520085,70.84226588250667,5
5848,11.908433233315307,342.3815075482509,-37.34929789618385,23.20808970928192,50.757080078125,37.04912185668945,18663.691467222074,-0.04646203477434016,0.32819218199530586,-0.9434676311362187,52.04851351677212,70.84091502433995,6
5818,12.089245785447462,29.359996714023186,-36.20457898757706,23.330397725105286,50.842793464660645,42.31130599975586,18011.225156389966,0.1558140286172117,0.627236525524678,0.7630834354995558,61.589660928067275,51.1534685898524,7
5818,-12.10790242280565,342.8792481416414,-36.20405978124904,23.346713662147522,50.8392333984375,42.310882568359375,18011.221752866884,0.15607006541627017,0.6271672456867543,-0.7630880556126218,61.58966268830207,51.15856508861257,8
5658,11.76315111026425,29.22611410294487,-2.147445258641111,23.222778797149658,50.7539176940918,42.43735122680664,17761.503785793462,0.16819823210502843,0.8434060045838531,-0.5102701893591718,63.391433112295815,32.49844746979414,9
5658,-11.78016418103281,343.01217967258464,-2.1369253930529197,23.23923432826996,50.751068115234375,42.437644958496094,17761.50484609773,0.16857237814243817,0.8433335714044207,0.5102664408617007,63.39143425698984,32.506171005941745,10
4768,-3.1395467956512917,421.68828669810455,8.96809213267331,46.96718215942383,46.969970703125,107.97467803955078,30961.36328071059,-0.005511080058933738,0.001797101970976378,0.9999831990694096,108.14168641581196,89.8970335862854,11
2326,0.008230875061777405,418.9361671541782,-63.32440709753411,20.017087936401367,54.506683349609375,44.600013732910156,32340.225741242564,-0.0008231427844051066,0.9934260614141841,0.11447262965031296,54.41738134545653,6.573378765747347,12
2024,-0.03826235730706546,186.57917579831812,-63.82497379870911,35.39324760437012,17.823074340820312,5.500362396240234,640.457563586729,-0.921803601586493,0.3876568296020475,-0.000550059141911129,37.97123815320088,67.19122115140732,13
2024,0.2328026681286878,421.7803555565232,-56.207411697573654,37.96990394592285,11.97216796875,5.500003814697266,640.456801184704,-0.9999995819831173,0.0007186080201998997,-0.000565363691588621,37.97125725108384,89.95882678977466,14
1836,-9.999026919675202,22.00010007243271,-44.76500921519494,5.5835862159729,5.591787338256836,102.36826705932617,706.7112539943593,-1.8646298561168332e-05,1.1706262748045759e-07,0.9999999998261512,102.36832969502022,89.99999329280551,15
1836,10.000830607303433,22.00023662896804,-44.76500921519494,5.5835862159729,5.591785430908203,102.36826705932617,706.711394063906,-1.8444454943189923e-05,2.379504304705904e-08,0.9999999998299008,102.36832933533154,89.99999863664446,16
1836,-0.01046856131756167,100.43796971888324,-47.27508233718103,5.58856463432312,5.590644836425781,102.36830139160156,706.7113801264151,-2.382965122836056e-05,1.745967365918144e-05,-0.9999999995636537,102.36831912925936,89.9989996343876,17
1836,-18.091504687231005,143.27867643125003,-47.274765901402795,5.588563919067383,5.59063720703125,102.3682975769043,706.7113091706113,-2.3794430890442216e-05,1.7490125086561115e-05,-0.9999999995639601,102.3683156046052,89.99899788964935,18
1836,18.07056755576345,57.59726330847868,-47.27539892039095,5.588563919067383,5.590644836425781,102.3682975769043,706.711378637881,-2.381253424045795e-05,1.742579406305289e-05,-0.9999999995646526,102.36835129722712,89.99900157554548,19
1836,-18.097358462251265,228.96255908431397,-47.3949451627901,5.588565826416016,5.59063720703125,102.36829376220703,706.7113850121787,-2.381769278178463e-05,1.7459628354754564e-05,-0.9999999995639393,102.36834999990177,89.99899963698336,20
1836,18.06471374490249,143.281145908907,-47.39557821536809,5.588563919067383,5.59063720703125,102.36829376220703,706.7113101571204,-2.3866970273484247e-05,1.7474451148746795e-05,-0.9999999995625057,102.36825142259566,89.99899878769982,21
1836,-18.102256257376467,314.64467577632996,-47.27470172715516,5.588564872741699,5.59063720703125,102.36830139160156,706.7115324450434,9.39525165568702e-06,1.6682184918570542e-05,0.9999999998167171,102.36833334198423,89.99904418121108,22
1836,-0.021220151900084513,271.8039695058253,-47.27501835127022,5.58856463432312,5.59063720703125,102.3682975769043,706.711269596563,9.40868877544297e-06,1.6681542315044595e-05,0.9999999998166015,102.36833334889242,89.99904421802954,23
1836,18.059815964667624,228.96326282531695,-47.27533472432723,5.588564872741699,5.5906524658203125,102.36830139160156,706.711364094328,9.386827244838038e-06,1.6772534097042602e-05,0.9999999998152846,102.36833348320681,89.99903900458446,24
1836,9.98443445340394,350.24574579531156,-44.75484909332569,5.58371114730835,5.591796875,102.36829376220703,706.7113735092252,-3.519089088279757e-05,4.797132547862404e-07,-0.9999999993806857,102.36833569421745,89.99997251445512,25
1836,-10.01542132802865,350.23730813374794,-44.75451665999842,5.58371114730835,5.591766357421875,102.3682975769043,706.7113274851423,-3.516508833560309e-05,3.0245238935577845e-07,-0.9999999993816627,102.36835606772817,89.99998267075459,26
1788,-18.096529968455155,228.9626578772628,-44.7328278341016,5.58853816986084,5.5906524658203125,92.36829376220703,640.1897600561566,-8.497651706662787e-06,1.9636230961239676e-05,-0.9999999997711043,92.3683375494305,89.99887492684032,27
1788,-0.021345691894487345,271.80583369563,-44.73311228097863,5.588538646697998,5.590667724609375,92.36829948425293,640.1897350174394,-8.465858375257244e-06,1.9783057656930225e-05,-0.9999999997684801,92.36833776692912,89.99886651429031,28
1788,18.053838606115423,314.6490094201232,-44.733396752035326,5.58853816986084,5.59063720703125,92.3682975769043,640.1896769280452,-8.463991977929876e-06,1.970732822997867e-05,-0.9999999997699912,92.368337640687,89.99887085326688,29
1788,-0.009642090774247164,100.43806884646149,-44.73317637272863,5.588538646697998,5.590660095214844,92.36829566955566,640.1897956004932,-8.507159366052512e-06,1.951261636012891e-05,-0.9999999997734429,92.3683373529378,89.99888200943523,30
1788,18.065542203467963,143.28124487675632,-44.7334608570308,5.58853816986084,5.590667724609375,92.36829376220703,640.189780211123,-8.450732841835702e-06,1.9769020990434427e-05,-0.9999999997688854,92.36830500297792,89.99886731853206,31
1788,-18.08482636985807,57.594892970489795,-44.732891871536246,5.58853816986084,5.590660095214844,92.3682975769043,640.1897763165993,-8.528038541544493e-06,1.9533895590284622e-05,-0.9999999997728496,92.36833740133024,89.99888079022516,32
1728,-0.11603051757809117,16.13539235558315,-53.122024249975325,66.19999694824219,27.000017404556274,72.22000455856323,54740.96291438196,-0.011257612769820895,0.28184879109205363,-0.9593927897971051,77.17113740843347,73.62942262622224,33
1718,0.13526349655288566,186.47916145013846,-66.06357449304701,16.635578155517578,34.375885009765625,4.0001983642578125,279.4224914247522,-0.3875155650247496,0.9218631605684418,7.0931049848935505e-06,37.00006746883827,22.799998672278573,34
1628,0.12308328356487434,16.55379100959751,17.917999362281655,66.20000076293945,27.000017404556274,18.500000953674316,16273.148249004176,0.9997431775035417,0.020210412762271663,0.010252719205212937,66.77098360666255,88.84194980103011,35
1608,-0.14040243393312182,355.59425350208187,17.86900325922626,56.20935249328613,27.009521484375,20.50048828125,14012.316819212714,0.9995950742470512,0.02529710158840772,-0.013028591338211661,56.905709566461645,88.55042820972406,36
1488,0.11818681866069088,354.453472062251,-56.91302054330012,56.20918083190918,26.815582275390625,18.500713348388672,11696.697334746792,-0.9997997641126819,0.01737304827963311,0.009930200083560175,56.71832087477091,89.00454757697642,37
1392,-0.2724291261185631,186.72958816513705,-63.04284365515142,44.91952323913574,93.67129516601562,6.600547790527344,6044.587897168357,-0.3888374047003815,0.9213007948770299,0.003212174469795738,101.01683216905361,22.883003763105865,38
1278,-0.015018034716581342,186.1222609438869,26.97201363966996,5.58856463432312,5.59063720703125,22.368298530578613,177.46317143602423,-3.668018601798753e-05,0.00012568413459890238,0.9999999914290314,22.36851270659257,89.99279882951677,39
1278,10.187920537415307,197.44364833682542,-53.11247240881405,5.588539123535156,5.590667724609375,22.368297576904297,177.46314984727482,6.95200214193181e-05,0.00012579438737159165,0.9999999896713694,22.36853321427136,89.99279251249817,40
1278,0.9813796790336377,201.3406146451963,-53.11231805088001,5.588538646697998,5.5906524658203125,22.368297576904297,177.4631563269671,6.995028599745568e-05,0.00012481516070439458,0.9999999897640666,22.368469213989847,89.99284861805383,41
1278,-8.66469060833652,152.75775653120746,-53.11217577680051,5.58853816986084,5.590667724609375,22.368297576904297,177.4632606475396,6.903312315473777e-05,0.00012570074198647863,0.9999999897168755,22.368532600229805,89.99279787798355,42
1278,-17.878276618247114,156.64489278460022,-53.11202123678782,5.588539123535156,5.5906524658203125,22.368297576904297,177.46312799548795,6.911384230857891e-05,0.00012511801920811472,0.999999989784379,22.36846954623408,89.99283126553964,43
1278,-4.931610033296955,387.23982187827306,-65.67761888538853,5.583711624145508,5.591796875,22.368289947509766,177.46315488429943,0.00011987966056146074,6.20211884960753e-07,-0.9999999928142412,22.368490742971368,89.99996446447659,44
1278,-5.0519473941984065,436.23977688195873,-65.67759861097898,5.583711385726929,5.591766357421875,22.368297576904297,177.46304774061892,0.00011991006434703465,6.774829583999775e-07,-0.999999992810559,22.368490813992217,89.99996118308579,45
1278,5.068409622617233,387.1939743432019,-65.6777850336623,5.583711385726929,5.591796875,22.36829376220703,177.4631036368006,0.00012047393274926087,4.796326467104706e-07,-0.9999999927429004,22.36849164249874,89.99997251907362,46
1278,5.148051501191029,436.2440088995435,-65.67776814114009,5.58371114730835,5.591796875,22.36829376220703,177.4632460598422,0.0001197719589656467,4.679369537408107e-07,-0.9999999928272295,22.368490511306938,89.99997318918747,47
1262,-1.8410288896401819,181.67263215594485,-52.65660868179716,37.32503890991211,56.63398742675781,44.60033988952637,31692.186504324953,0.38912529196577167,0.9202299168259286,-0.04193336775287052,54.564029790936445,23.040282622871114,48
1188,0.02627193885013946,421.77219759922906,-58.238839086324944,39.967559814453125,40.0,6.000038146972656,5665.601211592214,-0.5774031497516963,0.8164591443698779,-0.0002612118433749644,39.98487731956527,35.26810468652691,49
1182,0.13617602510806393,186.4804929032947,-67.44365065177148,5.590801239013672,5.588287353515625,8.368293762207031,84.33290856405308,0.000901300367017052,0.00038507255789232975,-0.9999995196882716,8.369857412040709,89.9779369670812,50
1182,0.03446161841529275,421.7545253540659,-56.58873734686647,5.591786623001099,5.583709716796875,8.368267059326172,84.33291406225449,-1.593538188867807e-06,0.0009904375066140947,-0.9999995095153831,8.36977211837776,89.9432521017216,51
1102,-5.848208749359186,199.93946223134932,-62.540853848835226,3.9911069869995117,3.9888458251953125,11.581329345703125,43.71117128571942,-0.0001180815848711991,0.00024128517220622925,-0.9999999639191017,11.581638404957666,89.98617537783936,52
1102,5.816975841793377,172.30029683190983,-62.54105790283055,3.9911069869995117,3.98883056640625,11.581329345703125,43.71120500520406,-0.00011802981344689147,0.00024103646070161577,-0.9999999639851933,11.581670897476037,89.98618962795929,53
1102,-6.9665870290053515,421.753122623949,-58.52579695487556,3.984333038330078,3.99212646484375,9.581314086914062,37.9057718017195,-0.0003617841595424396,8.95489315810849e-07,-0.999999934555708,9.581760977469322,89.9999486922416,54
1102,0.03631771437167959,414.75602955711446,-58.52579987186125,3.984333038330078,3.992095947265625,9.581314086914062,37.90577987864606,-0.0003617557519180536,1.316981503851622e-06,-0.9999999345655184,9.581761051946742,89.99992454251813,55
1102,7.033411773709333,421.7589344225432,-58.52579695487556,3.984333038330078,3.992095947265625,9.581314086914062,37.90580289942557,-0.00036198889527070587,8.94098683645872e-07,-0.999999934481618,9.581761180930918,89.99994877191897,56
1102,0.030507037609351344,428.756028550939,-58.52579472905855,3.984333038330078,3.992095947265625,9.581314086914062,37.90582731952577,-0.00036263560790831823,1.3056091892060806e-06,-0.9999999342468535,9.581761925009062,89.99992519410377,57
808,17.832973702512557,56.46720278145063,19.372249275937726,8.467798233032227,15.973140716552734,12.021912574768066,1055.8249194607267,0.02997688441274346,0.5446304682394498,-0.8381402266125776,18.625379901438077,57.00058525775841,58
808,-17.86143105336935,315.77371494054006,19.382860080637162,8.472413063049316,15.973785400390625,12.02192211151123,1055.8252895675032,0.03022643957642793,0.5446170581966316,0.8381399777315123,18.6253607475671,57.001501385974095,59
774,17.610839248216944,56.12361060905621,-58.30783274089541,8.456144332885742,15.90256118774414,12.140865325927734,1170.345217878604,0.0874918020659338,0.5882002070342714,0.8039687189288497,18.95646980681827,53.97060681272371,60
774,-17.642234221909398,316.1181304300786,-58.30715051465359,8.461039543151855,15.903167724609375,12.140941619873047,1170.3446874271674,0.09017859183694614,0.5891484683802656,-0.8029769011493995,18.96029692589846,53.90339580582281,61
704,0.04334788641073939,421.48895984707457,-49.75338799845088,22.0,33.0,24.000011444091797,5066.598190212168,4.059311542236241e-07,0.9988287727074672,-0.048384737382051846,34.122592127000985,2.7733240604467153,62
668,-2.0284564262962417,180.3718315094055,-22.11000958745351,43.650569915771484,79.58247375488281,5.400703430175781,5233.696987148318,0.3910418730830316,0.9203728882667576,-6.262666014298135e-06,83.02000623133785,23.019343333921167,63
612,0.07167321130276245,425.1527272808266,-67.17995424623842,44.03471374511719,89.99420166015625,6.000762939453125,18056.488769543066,0.0006217408241194489,0.9999998067190136,5.318061317080569e-07,90.00853053857628,0.03562314051441314,64
552,-0.02048000984865686,271.80482433153236,25.88999084919547,44.15204048156738,93.67129516601562,5.400766372680664,4274.990163147236,-0.38883944163969847,0.9213055348682078,6.821578538508874e-06,100.9999540452722,22.882305331983943,65
552,-0.02198265971624909,271.8048578898112,-64.5100088165578,44.152042388916016,93.67129516601562,5.400760650634766,4274.990339079134,-0.38883947258615603,0.9213055218069864,6.846645448593377e-06,101.0000460404676,22.882307256564495,66
552,-0.008776426441283618,100.43706009583772,25.889926830927532,44.15204048156738,93.67129135131836,5.400764465332031,4274.990310146971,-0.3888394729940026,0.9213055216348618,6.84554390183887e-06,101.00004604641595,22.88230728192719,67
552,-0.010279056530643777,100.43709364259877,-64.51007348673355,44.152042388916016,93.6712875366211,5.400768280029297,4274.990642559363,-0.3888394673657791,0.9213055240101803,6.857457187519112e-06,100.9999538515314,22.882306931922276,68
552,-0.0205717868383092,271.8048262204525,20.369779552238576,44.14039421081543,93.67628479003906,5.400703430175781,4274.989550589758,0.3887136334312707,0.9213586224416642,-6.087624680942197e-06,100.99999572199619,22.87448157307663,69
552,-0.021894866483654952,271.8048557797492,-59.23022036851892,44.1403923034668,93.67630004882812,5.400703430175781,4274.990762596554,0.3887136294728218,0.9213586241117087,-6.086452055309447e-06,101.00008786419014,22.874481326914697,70
552,-0.008868156081956366,100.43706215061427,20.36971546025668,44.14039421081543,93.67628860473633,5.400701522827148,4274.990512447908,0.3887136111372701,0.9213586318470072,-6.134684727974503e-06,100.99999546786805,22.8744801867438,71
552,-0.010191270226729665,100.4370918550353,-59.230284573375314,44.1403923034668,93.67628860473633,5.400703430175781,4274.990007242009,0.38871367687889496,0.9213586041112355,-6.1225562346820156e-06,100.99999553337071,22.874484274952902,72
552,-0.014717954710341883,186.12094455295139,20.489958836836514,44.14039421081543,93.67628479003906,5.400701522827148,4274.989906374541,0.38871363152123023,0.9213586232473103,-6.115429294506665e-06,101.00008770832434,22.874481454325657,73
552,-0.01463020848479248,186.12094249817486,25.76974746455317,44.15204048156738,93.67129516601562,5.400766372680664,4274.989776382187,-0.3888394898037939,0.9213055145409828,6.7454540192618046e-06,101.00004658690165,22.88230832721541,74
452,-18.10139556339005,314.6453865748943,29.48813376103179,5.851096153259277,6.301910400390625,1.800088882446289,36.84006468687977,-0.7535548829900214,0.6573850000449293,6.150076316102648e-06,6.3355129549269975,48.89925834964088,75
452,18.060676530399153,228.96397338011974,29.487500728055792,5.851096153259277,6.301910400390625,1.800088882446289,36.8400769857735,0.9343763007945027,0.3562877043866779,-1.4712297118468776e-05,6.346981659561635,69.12761453937294,76
452,-0.020359531430950647,271.80467897038193,29.487817210082106,5.8510963916778564,6.301910400390625,1.800088882446289,36.8401107431288,-0.48838278033755245,0.8726295089265955,4.504541749161817e-06,5.817533406646163,29.23434173747271,77
452,18.06034586563223,228.96397836510764,16.891848022607224,5.851434707641602,6.3018035888671875,1.800088882446289,36.84008516555386,0.7724414133399035,0.6350860278928867,-1.1519038997764852e-05,6.345760447366189,50.57363471303856,78
452,-0.01483842474545811,186.12080153743779,16.89213247988428,5.851433992385864,6.3018035888671875,1.800088882446289,36.840067693533946,-0.1288356004692315,0.991665965958648,3.321760492669412e-06,6.3508805735127964,7.402311313167302,79
452,18.072258753059184,57.59649579433565,29.487436625106497,5.851096153259277,6.301910400390625,1.800088882446289,36.840068816356414,0.15907645712305532,0.9872662664086825,-7.985439913760217e-07,6.346846456036722,9.153294567006325,80
452,-0.008777281561843051,100.43720272368034,29.487753136671397,5.8510966300964355,6.301910400390625,1.800088882446289,36.840071735955895,0.4981846725672013,0.8670709497724036,-8.93826840064893e-06,5.856265756574928,29.879971407835693,81
452,-18.089813311191435,143.2779087415487,29.488069681994684,5.851096153259277,6.301910400390625,1.800088882446289,36.84007487004961,-0.6457656919462939,0.7635356382102171,1.6971778008412208e-05,6.19649350898105,40.22310873916203,82
452,-0.008747703600970198,100.43720436658832,23.96754180576246,5.851433753967285,6.3018035888671875,1.8000907897949219,36.84006042581385,-0.4704602450757369,0.8824211906890531,5.117796250453388e-06,5.9314768132348235,28.06417618651453,83
452,18.06643656010473,143.28038085667433,23.967257325276513,5.851432800292969,6.3018035888671875,1.8000907897949219,36.840070154818136,-0.9998327557122427,0.018288250685683814,2.217477127357606e-05,5.89559720548503,88.95210200214952,84
452,-18.083932010825052,57.59402855729635,23.967826284841802,5.851434707641602,6.3018035888671875,1.800088882446289,36.8400685427954,0.7804077761408117,0.6252709036371207,-1.9419544908250153e-06,6.348463661598544,51.29792617688279,85
452,-18.09563560049794,228.96179381514017,23.967890389197695,5.851434707641602,6.3018035888671875,1.800088882446289,36.84007651214002,0.09166751625106698,0.9957896697895975,-2.164229386147909e-06,6.2030543668923315,5.259545349298758,86
452,-0.02045130923769511,271.80496935999145,23.96760592981074,5.851433753967285,6.301788330078125,1.800088882446289,36.840062979910954,0.9609501624273181,0.2767214938224208,-1.3696671258556226e-05,5.926613129051759,73.93536974058252,87
452,18.054732972541743,314.64814362202424,23.967321469017186,5.851432800292969,6.301788330078125,1.800088882446289,36.84005460971927,0.9795712960079829,0.20109718052374603,-4.758261339804504e-06,5.731100884455074,78.39887350840053,88
452,-18.09566711605826,228.9617914295478,29.36789037766358,5.851096153259277,6.3019256591796875,1.8000907897949219,36.84006575827135,0.8889102767404251,0.45808134591149874,-2.0812759715826967e-05,6.332334806045623,62.73663060269963,89
452,18.066404974214446,143.2803785611043,29.367257377039365,5.851096153259277,6.3019256591796875,1.800088882446289,36.840071482754524,-0.31850425655918124,0.9479214305571623,6.644259200161429e-06,5.723083337837721,18.572492760825394,90
452,10.000121783366245,22.000004558788287,26.95752018109887,5.5,6.350852966308594,1.7999992370605469,36.8400479983947,0.9783227403825456,0.20708601027202703,-1.8831620474732815e-11,6.038355989145245,78.04836056718439,91
452,-9.999735839247352,22.000141246480577,26.95752018109887,5.500000476837158,6.350852966308594,1.7999992370605469,36.84005595448188,0.4718252329929434,0.8816920945041726,4.287433324820538e-12,5.599538322991888,28.15284172766347,92
452,-10.013520446498838,350.2375137194068,26.968013275337782,5.501338005065918,6.350860595703125,1.800088882446289,36.84007081420365,-0.8204318790910753,0.5717442887188687,9.404375845678548e-06,6.327712585616155,55.12804990531435,93
452,9.986335449162485,350.24567890448554,26.967680835442557,5.501338481903076,6.350860595703125,1.8000907897949219,36.840049152867245,0.7408144914890925,0.6717096760184218,-1.8519819244278146e-05,6.208008483686768,47.800844058094775,94
452,-17.77476374941238,156.43975745682167,-45.9619304268761,5.851465225219727,6.3018035888671875,1.8000907897949219,36.840059586115274,0.9896742983483341,0.1433345130343257,-2.370537508022963e-05,5.560774152783387,81.7591535980948,95
452,-8.883604920719225,152.68878547420894,-45.96207974582998,5.851465225219727,6.3018035888671875,1.8000907897949219,36.84006515225665,-0.47593386954501193,0.8794810696154589,2.8214575628071614e-06,5.917305613596113,28.420171610041507,96
452,1.2716253131166495,201.58657440815702,-45.96223028289885,5.851465463638306,6.301788330078125,1.8000869750976562,36.84008817405866,-0.5576064478795206,0.8301054445363487,1.530667149185483e-05,5.670496610663463,33.890428770653024,97
452,10.162784130524042,197.83560176162945,-45.96237936273085,5.851465225219727,6.3018035888671875,1.8000869750976562,36.840033699662264,0.24943743986760744,0.9683909146567202,-1.6169193389758973e-06,5.906076120499989,14.44422528266174,98
452,4.8739857561996205,387.1186026289048,-74.07018381304445,6.3508522510528564,5.501312255859375,1.8000030517578125,36.84013316296417,0.6139271073674356,0.789362721970127,1.8344736734843975e-06,6.290636923942657,37.874003303003654,99
452,-4.776013424262888,387.1145978044268,-74.07018381304445,6.350852608680725,5.501312255859375,1.8000030517578125,36.84014954829286,0.6072175066790017,0.794535650288684,1.695393569435224e-06,6.29780367640052,37.38858137325514,100
452,4.8536484169397385,436.1185995906504,-74.07016490835004,6.3508524894714355,5.501312255859375,1.8000030517578125,36.840015990440484,0.8998879542254304,0.43612116417340135,-8.295377720148333e-08,5.716276038935888,64.14334322640482,101
452,-4.796350751127114,436.1145926731526,-74.07016490835004,6.350852370262146,5.501312255859375,1.8000030517578125,36.839998415297714,-0.7002638333482243,0.7138841388519424,-2.6676957851463065e-07,6.150663429743986,44.44817522147957,102
436,-5.849296784911316,199.94189959418154,-67.70834236261678,4.255341291427612,4.5832061767578125,1.2000656127929688,13.615530178294554,-0.4544924532498979,0.8907505878384447,1.4295258419672052e-05,4.15669620640432,27.032282548031876,103
436,5.815887790936578,172.30273367505555,-67.70854621560566,4.255341291427612,4.5832061767578125,1.2000656127929688,13.615542053727987,0.8666748949378662,0.4988733562037466,-3.089414517365441e-05,4.584024898749931,60.07451020291238,104
436,-6.963953986809523,421.7531499600192,-56.32394077872647,4.00095796585083,4.618804931640625,1.2000007629394531,13.615541656285624,-0.9495602191743687,0.31358474159551364,5.358259318540584e-11,4.522881303613474,71.72460293664815,105
436,0.038950733481607304,414.7560539362263,-56.32394431052952,4.000958323478699,4.6187744140625,1.2000007629394531,13.615521184082771,-0.9285894182655307,0.37110873377661596,4.9446176357347644e-11,4.571730998329457,68.21598797683097,106
436,7.036044801411643,421.7589569091797,-56.32394077872647,4.00095796585083,4.618804931640625,1.2000007629394531,13.61553511829402,-0.8608038845585018,0.5089368058305407,1.7717572993012785e-11,4.618600702628413,59.40696316822441,107
436,0.03314005869187255,428.75605304963,-56.323938527238475,4.000958204269409,4.618804931640625,1.2000045776367188,13.615515905022903,-0.9777833659066912,0.20961796048042747,4.5582965439394077e-07,4.395867939257727,77.90003530058033,108
404,-6.39745074056593,170.9801869785825,-51.90994061888641,43.650569915771484,79.58248901367188,5.400703430175781,3781.983955612663,0.3887229124745132,0.9213547076332234,-6.279293025874433e-06,83.00012530537748,22.875058602809574,109
256,18.082099609076977,57.60382306575775,-0.6253064647316933,4.8852033615112305,4.885204315185547,37.010000228881836,254.6948095845014,0.0,1.2677888033300764e-18,1.0,37.010000000000005,90.0,110
256,18.074558824300766,57.575794130563736,-37.8950001001358,5.1621551513671875,5.312259674072266,37.01000213623047,346.43815826713893,0.0,1.6356020162927446e-18,1.0,37.010000000000005,90.0,111
256,9.995280351489782,22.00310370326042,-37.8950001001358,5.867935657501221,5.867937088012695,37.01000213623047,527.8506905674636,-0.0,1.0774304850580268e-18,-1.0,37.010000000000005,90.0,112
256,-18.07968454559644,57.61841591199239,-38.02500033378601,4.845060348510742,5.075756072998047,37.0099983215332,272.9658933202157,0.0,2.7828626282548747e-18,1.0,37.010000000000005,90.0,113
256,-18.0878451988101,57.60663031538328,-0.7353069633245468,5.621428489685059,5.351261138916016,37.010000228881836,414.6568661058962,-0.0,3.5188864064331975e-18,-1.0,37.010000000000005,90.0,114
256,-18.111381864796083,314.63721032937366,-0.6146924930314223,4.887151718139648,4.88653564453125,37.010080337524414,254.69469005716624,-1.6809480357586618e-05,2.406766128615345e-07,-0.9999999998586918,37.01008140595793,89.99998621024585,115
256,-18.10592655837536,314.6661405960719,-37.89430282264948,5.164917945861816,5.313720703125,37.010169982910156,346.4385717851134,-3.324567352654881e-05,9.494551314048749e-07,-0.999999999446912,37.01010001942497,89.99994560022813,116
256,-10.010693717747927,350.23520306746167,-37.89454513539871,5.870823383331299,5.869598388671875,37.01019287109375,527.8471560150805,-3.3173338976538187e-05,8.852589638008723e-07,-0.9999999994493729,37.010092300676106,89.99994927839761,117
256,18.047983925789595,314.6235255797704,-38.02550481508175,4.844076156616211,5.074371337890625,37.010080337524414,272.96695370222733,-1.6808590156973396e-05,2.816113036097079e-07,-0.9999999998586958,37.010082349395326,89.99998386486084,118
256,18.048732928931713,314.63976860046387,-0.8398943740564088,5.6197099685668945,5.347900390625,37.01018714904785,414.6530433995249,-3.318285714062626e-05,4.691043109517068e-09,-0.9999999994494492,37.01009589510441,89.99999973122303,119
212,17.856310670480788,228.48305201980304,-50.838624348430514,11.178914070129395,13.842086791992188,80.00018119812012,2862.5626119178964,0.0400658255410609,0.0950064521866062,-0.994670047637219,80.91404208302241,84.5483088248342,120
204,-18.007219230427463,143.4766601861692,-52.66269915244158,11.180153846740723,13.842041015625,80.00015068054199,2862.554016867472,0.03861832559409175,0.09149624017505598,0.9950563114528431,80.89554098634325,84.75030946282492,121
188,-0.016486918144192255,395.4795882312964,28.554079485277757,111.00310516357422,32.029541015625,125.00185012817383,36454.38132061766,-6.540913775894097e-05,0.1981578016155951,0.980170128794241,124.94174994253015,78.5707470803081,122
156,6.311631678436429,201.12875623784512,-51.910140461391876,23.955414295196533,24.10272216796875,5.400402069091797,1669.232248430493,-0.9210751470613066,0.38938486522824556,1.404184958210231e-05,26.000058005485414,67.08377066345605,123
120,-0.022800812114857964,369.74170583089193,-51.70415977901882,29.602304458618164,5.012298583984375,14.300487518310547,2070.7876268718196,0.9999999139697248,0.0004144361466696097,-1.7413309117634983e-05,29.60007272338396,89.97625455723843,124
112,18.091974122183665,57.5777257510594,-16.250307083129883,4.5397138595581055,5.062694549560547,6.0,37.14744985803551,-0.0,2.895666397129081e-17,-1.0,5.9999999999999964,90.0,125
112,-18.121504829043435,314.66331736246747,-16.23969229062398,4.541304588317871,5.063812255859375,6.00007438659668,37.147307028001855,2.0316074192750552e-05,6.064432773490724e-08,0.9999999997936267,6.000092468608306,89.99999652533597,126
92,0.14047714247219806,457.7417980691661,-67.1799430847168,3.405058741569519,3.40496826171875,6.000053405761719,54.01235407778011,1.2972332817580689e-05,7.684948621911047e-08,0.9999999999158561,6.000100236678605,89.99999559684879,127
52,42.06369554079496,335.7719914362981,-19.26786464299911,34.72574710845947,62.01446533203125,114.20059585571289,10949.199757584509,0.021490039669107425,0.041972362097280835,-0.9988876308249066,117.42157092448385,87.59445414275817,128
48,13.263944374190437,240.32690556844076,-29.7435749106937,8.92728042602539,6.7959747314453125,89.00014686584473,5376.005865024747,-1.6919551137733465e-05,4.684040606495188e-07,-0.9999999998567547,89.00006163605153,89.99997316242421,129
44,-40.349068222623885,339.22496495102394,-27.361131696990043,34.72762870788574,62.014404296875,114.20051193237305,10949.200307985122,0.061585445262499636,2.504077407539107e-05,0.9981018145984804,116.11986049727696,89.99856526932959,130
32,-13.306877066691717,303.28278255462646,-37.15977634986242,8.927282333374023,6.79595947265625,89.00015068054199,2847.9938014485283,-1.6426881135782534e-05,3.7266936447552523e-07,-0.9999999998650095,89.00010001098349,89.99997864761826,131
32,-8.629099806149801,120.85935592651367,-37.15992259979248,8.927281379699707,6.7959747314453125,89.00015068054199,2848.0017248627796,-1.677174271235114e-05,2.42700522762318e-07,-0.9999999998593251,89.00007715147638,89.99998609428435,132
32,8.609450817108154,80.01481095949809,-37.160223960876465,8.927281379699707,6.7959747314453125,89.00014877319336,2848.0000511559397,-1.642640348251009e-05,6.090364719352204e-07,-0.9999999998649011,89.00004042368637,89.99996510478059,133
32,13.271503388881683,131.9168268839518,-20.43049379189809,8.927037239074707,6.795166015625,79.00014686584473,5056.0041826967035,1.6426490338118143e-05,7.135448133396838e-09,0.9999999998650853,79.00007895486762,89.99999959116894,134
32,-13.301033824682236,217.59890365600586,-37.68001969655355,8.927281379699707,6.7959747314453125,89.00014877319336,2848.0030466377043,-1.6631419829835542e-05,4.793516492039573e-07,-0.999999999861583,89.0000789235784,89.99997253517361,135
32,13.269664376974106,154.64302523930868,-37.68048495054245,8.927281379699707,6.7959747314453125,89.00015258789062,2848.003096097074,-1.6631419725303674e-05,4.79351490102059e-07,-0.9999999998615832,89.00007892357867,89.99997253518272,136
16,8.595235764980316,292.22829182942706,-20.43035626411438,8.92703628540039,6.795166015625,79.00014686584473,2527.9971621500517,-1.6733681993685047e-05,2.5802646987094224e-07,-0.9999999998599588,79.0000620822075,89.99998521617228,137
16,-8.637735784053802,251.38139216105142,-20.430084983507793,8.927036762237549,6.7951812744140625,79.00014877319336,2528.0035134041223,-1.667858399563893e-05,5.108854199201152e-07,-0.9999999998607818,79.00007596168973,89.99997072842162,138
16,-13.290595948696136,68.95732307434082,-20.4300754070282,8.927037239074707,6.795173645019531,79.00014877319336,2527.999071723843,-1.6734208752997133e-05,5.120375571373431e-07,-0.9999999998598521,79.00006248077635,89.99997066240903,139
12,0.0,2.4999903440475464,7.259999752044678,29.600000381469727,5.000000238418579,2.5199995040893555,372.95994919585763,1.0,0.0,0.0,29.6,90.0,140
12,-0.022628068923950195,369.74169921875,-44.88997268676758,29.6021146774292,5.01226806640625,2.5204925537109375,372.96010676772494,0.9999999148927056,0.0004122256334148045,-1.687035732274547e-05,29.600063646749284,89.97638121032931,141
12,-0.021390544043646917,369.54168023003473,24.57002830505371,29.0021390914917,5.012054443359375,4.000484466552734,580.0000492258587,0.9999999135837294,0.00041537986412701024,-1.7091008337516044e-05,29.00005722348793,89.97620048620641,142
12,-0.022908581627739802,369.5417175292969,-63.1896669599745,29.0021390914917,5.01202392578125,4.000484466552734,580.0000491130486,0.9999999143202649,0.0004136029057370495,-1.7090907651365953e-05,29.00006610872022,89.97630229843128,143
