file,triangles,size_x_mm,size_y_mm,size_z_mm,min_x_mm,min_y_mm,min_z_mm,max_x_mm,max_y_mm,max_z_mm,area_mm2,signed_volume_mm3,volume_mm3,petg_solid_mass_g,volume_centroid_x_mm,volume_centroid_y_mm,volume_centroid_z_mm,boundary_edges,nonmanifold_edges,watertight
final Robot1.stl,3582,334.99999618530273,260.00000762939453,104.00000381469727,-57.401912689208984,-117.10453033447266,19.069141387939453,277.59808349609375,142.89547729492188,123.06914520263672,395898.5031362184,911832.2575821705,911832.2575821705,1158.0269671293568,133.81252645000848,13.116599353616902,62.44851604805682,0,40,False
final Robot2.stl,1830,259.99999237060547,255.0,54.99999976158142,-194.94349670410156,-205.0,-0.7646901607513428,65.0564956665039,50.0,54.23530960083008,214679.34101671213,461001.8919849089,461001.8919849089,585.4724028208343,-65.41137392509786,-67.00112080231254,18.733356518395144,0,0,True
scissorPart/assembly/arm assembly.stl,185420,111.00310516357422,461.726877450943,158.49866104125977,-55.32447814941406,-9.775161743164062e-06,-101.52235412597656,55.678627014160156,461.72686767578125,56.9763069152832,411945.9221164354,550009.3004096231,550009.3004096231,698.5118115202214,0.10717183779123392,229.82631913289725,-25.222740791446764,0,7860,False
scissorPart/ฐานกล้อง.stl,4240,125.0,153.484619140625,111.0,-62.5,-62.0,-55.5,62.5,91.484619140625,55.5,98712.05175558652,105775.9579575575,105775.9579575575,134.33546660609804,-7.102017223875249,0.2688630820156881,0.05293731912478836,0,37,False
scissorPart/ฐานยึดเกียร์.stl,3848,66.20005798339844,27.00001811981201,90.75969886779785,-33.100059509277344,-16.000009536743164,-64.70000457763672,33.099998474121094,11.000008583068848,26.059694290161133,25885.32556548733,71380.80653677747,71380.80653677747,90.6536243017074,-8.981630200966215e-06,-8.710209189893877,-19.23142343213489,0,145,False
scissorPart/ฝาหน้ากล้อง.stl,6270,116.8986587524414,46.98942422866821,43.48380422592163,-54.250877380371094,-43.981651306152344,-5.996739864349365,62.64778137207031,3.007772922515869,37.487064361572266,32648.236621059947,26005.85113658627,26005.85113658627,33.027430943464566,19.720778886833493,-20.400489791103027,17.384109491383146,0,936,False
scissorPart/ฝาหลังกล้อง.stl,1274,107.94478988647461,37.74941694736481,33.000165939331055,-54.23661804199219,0.6383508443832397,-8.000165939331055,53.70817184448242,38.38776779174805,25.0,23129.787971020578,15686.952210076512,15686.952210076512,19.92242930679717,-1.4267909905999379,19.008842497628418,6.067344852121008,0,12,False
scissorPart/เกียร์/เกียร์.stl,43854,129.03491592407227,42.54733943939209,51.744625091552734,-68.16133880615234,-36.540863037109375,-23.37209701538086,60.87357711791992,6.006476402282715,28.372528076171875,57737.98350583135,76284.35892111406,76284.35892111406,96.88113582981487,-2.7022332609196775,-12.815585507168269,-2.502278963805245,0,4261,False
scissorPart/เกียร์/เกียร์ขวายาว.stl,11106,22.495647430419922,42.43639278411865,51.744625091552734,5.3779296875,-36.43000030517578,-23.37209701538086,27.873577117919922,6.006392478942871,28.372528076171875,15047.357889319792,19107.07679047377,19107.07679047377,24.26598752390169,17.023406811514004,-13.017551196453443,-2.030599382579856,0,1081,False
scissorPart/เกียร์/เกียร์ขวาสั้น.stl,9984,22.495647430419922,37.13639163970947,51.744625091552734,38.3779296875,-31.1299991607666,-23.37209701538086,60.87357711791992,6.006392478942871,28.372528076171875,13786.574492167896,18940.579455060513,18940.579455060513,24.054535907926855,49.99821745909256,-12.30506119177044,-3.329610582377675,0,1074,False
scissorPart/เกียร์/เกียร์ซ้ายยาว.stl,11614,22.200855255126953,42.422168254852295,51.59600639343262,-32.161338806152344,-36.540863037109375,-23.299152374267578,-9.96048355102539,5.88130521774292,28.29685401916504,15725.525585231597,20055.818080899055,20055.818080899055,25.4708889627418,-21.602078768359657,-13.266212195152915,-2.2528288683033835,0,1152,False
scissorPart/เกียร์/เกียร์ซ้ายสั้น.stl,10324,22.200855255126953,37.02605581283569,51.5947380065918,-68.16133880615234,-31.144750595092773,-23.299152374267578,-45.96048355102539,5.88130521774292,28.29558563232422,13177.571492698953,18178.985450988464,18178.985450988464,23.08731152275535,-57.48886702173563,-12.638043295488856,-2.4098551754717823,0,894,False
scissorPart/แขน (74.2mm).stl,1384,101.0,11.981141090393066,85.0,-50.5,-5.990570545196533,-81.0,50.5,5.990570545196533,4.0,11696.990498646535,16134.607607424614,16134.607607424614,20.49095166142926,5.40552346599342,1.4092296569927255e-16,-38.97004833983853,0,24,False
scissorPart/แขน (85mm).stl,1416,101.0,11.981141090393066,95.80000305175781,-50.5,-5.990570545196533,-91.80000305175781,50.5,5.990570545196533,4.0,12304.990498646534,16774.60760742462,16774.60760742462,21.303751661429267,5.199287046090255,8.132780715869411e-17,-43.440642917688876,0,31,False
scissorPart/แขน servo horn.stl,2316,101.0,23.0,95.80000150203705,-50.5,-11.5,-1.399999976158142,50.5,11.5,94.4000015258789,14174.604707273045,16016.16771385867,16016.16771385867,20.340532996600512,-1.8948801615632946,2.839301879269001e-17,41.271749668949624,0,196,False
scissorPart/แขน servo.stl,2552,100.98135375976562,26.00000038743019,85.0,-50.49067687988281,-3.8743019104003906e-07,-58.0,50.49067687988281,26.0,27.0,16902.914827470355,20684.458928618496,20684.458928618496,26.26926283934549,-2.619688688654517,12.73158536910196,-12.644086056373158,0,71,False
scissorPart/แขนก้านชิด (74.2mm).stl,1368,101.0,11.981141090393066,85.0,-50.5,-5.990570545196533,-81.0,50.5,5.990570545196533,4.0,9736.990498646534,13606.607607424616,13606.607607424616,17.280391661429263,2.684702531590276e-09,1.5999030540846496e-16,-38.871587515837305,0,0,True
scissorPart/แขนก้านชิด (85mm).stl,1400,101.0,11.981141090393066,95.80000305175781,-50.5,-5.990570545196533,-91.80000305175781,50.5,5.990570545196533,4.0,10344.990498646534,14246.607607424621,14246.607607424621,18.09319166142927,2.5641058975456804e-09,8.378919592442942e-17,-44.13989326348525,0,14,False
