mast_mass_kg,robot_mass_kg,robot_cog_m,tip_angle_deg,tip_acceleration_m_s2,guard_at_sf_2_5_m_s2
0.5,2.491,0.09518435952085454,46.41332999727327,10.306315080946327,4.122526032378531
0.505,2.496,0.09565439549764149,46.272365318194346,10.2556708962129,4.10226835848516
0.51,2.5010000000000003,0.09612255208227813,46.13262069906898,10.205721537233972,4.082288614893589
0.515,2.5060000000000002,0.09658884052411895,45.99408200980212,10.156452802174773,4.062581120869909
0.52,2.511,0.0970532719829178,45.85673530671098,10.107850873617783,4.043140349447113
0.525,2.516,0.09751585752971824,45.72056683022334,10.059902305643341,4.023960922257336
0.53,2.521,0.09797660814773328,45.585563002585026,10.012594011427776,4.00503760457111
0.535,2.5260000000000002,0.09843553473321459,45.45171042557772,9.965913251335103,3.986365300534041
0.54,2.531,0.09889264809631156,45.31899587824812,9.919847621479446,3.9679390485917785
0.545,2.536,0.09934795896191997,45.187406314649735,9.87438504273668,3.949754017094672
0.55,2.5410000000000004,0.09980147797052086,45.0569288615979,9.8295137501848,3.93180550007392
0.555,2.5460000000000003,0.10025321567900942,44.9275508164391,9.785222282953638,3.9140889131814554
0.56,2.551,0.10070318256151412,44.799259644835395,9.74149947446557,3.896599789786228
0.565,2.556,0.10115138901020616,44.67204297856472,9.698334443049689,3.8793337772198755
0.5700000000000001,2.561,0.10159784533609977,44.545888613337546,9.655716582912916,3.8622866331651666
0.575,2.566,0.10204256176984254,44.420784506630966,9.613635555452342,3.845454222180937
0.58,2.571,0.10248554846249723,44.29671877554029,9.57208128089376,3.828832512357504
0.585,2.576,0.10292681548631401,44.17367969464905,9.531043930242278,3.812417572096911
0.59,2.581,0.10336637283549376,44.05165569391775,9.490513917531468,3.796205567012587
0.595,2.5860000000000003,0.10380423042694271,43.9306353565919,9.450481892358198,3.780192756943279
0.6,2.591,0.10424039810101828,43.81060741712952,9.41093873269098,3.764375493076392
0.605,2.596,0.10467488562226612,43.691560759148835,9.371875537940161,3.7487502151760643
0.61,2.601,0.10510770268014892,43.57348441339614,9.333283622278959,3.7333134489115833
0.615,2.606,0.10553885888976663,43.456367555734275,9.295154508204758,3.7180618032819033
0.62,2.611,0.10596836379256848,43.340199505152036,9.257479920330686,3.7029919681322747
0.625,2.616,0.10639622685705688,43.22496972179458,9.220251779397888,3.688100711759155
0.63,2.621,0.10682245747948313,43.11066780501513,9.18346219649942,3.673384878599768
0.635,2.6260000000000003,0.10724706498453532,42.99728349144817,9.14710346750708,3.658841387002832
0.64,2.6310000000000002,0.10767005862601833,42.88480665310406,9.111168067692894,3.6444672270771576
0.645,2.636,0.10809144758752608,42.773227295485505,9.075648646537408,3.630259458614963
0.65,2.641,0.10851124098310612,42.66253555572571,9.040538022717202,3.6162152090868807
0.655,2.646,0.10892944785791676,42.55272170074834,9.005829179264522,3.6023316717058087
0.66,2.6510000000000002,0.10934607718887672,42.44377612544942,8.971515258892094,3.5886061035568373
0.665,2.656,0.10976113788530749,42.33568935090107,8.93758955947664,3.575035823790656
0.67,2.661,0.11017463878956828,42.22845202257725,8.904045529694848,3.5616182118779394
0.675,2.6660000000000004,0.11058658867768403,42.12205490860125,8.87087676480577,3.548350705922308
0.6799999999999999,2.6710000000000003,0.11099699625996634,42.01648889801516,8.838077002573993,3.535230801029597
0.685,2.676,0.1114058701816273,41.91174499907113,8.805640119328142,3.522256047731257
0.69,2.681,0.11181321902338645,41.807814337544364,8.773560126149464,3.509424050459786
0.6950000000000001,2.686,0.11221905130207135,41.704688155067764,8.74183116518552,3.496732466074208
0.7,2.691,0.11262337547121073,41.60235780748833,8.710447506084272,3.4841790024337085
0.7050000000000001,2.696,0.11302619992162188,41.50081476324484,8.6794035425439,3.47176141701756
0.71,2.701,0.11342753298199076,41.4000506017671,8.648693788974114,3.459477515589646
0.715,2.706,0.11382738291944625,41.30005701189639,8.61831287726467,3.4473251509058676
0.72,2.7110000000000003,0.11422575794012763,41.20082579032709,8.588255553657165,3.435302221462866
0.725,2.716,0.11462266618974613,41.10234884006926,8.558516675716255,3.4234066702865023
0.73,2.721,0.11501811575414002,41.00461816893219,8.529091209396634,3.4116364837586537
0.735,2.726,0.11541211465982373,40.90762588802851,8.499974226202246,3.3999896904808984
0.74,2.731,0.11580467087453093,40.81136421029903,8.471160900434395,3.388464360173758
0.745,2.736,0.11619579230775162,40.715825449057846,8.442646506525485,3.3770586026101936
0.75,2.741,0.11658548681126339,40.62100201655764,8.414426416455338,3.3657705665821354
0.755,2.746,0.11697376217965676,40.52688642257519,8.386496097247086,3.3545984388988344
0.76,2.7510000000000003,0.11736062615085492,40.43347127301652,8.358851108539811,3.3435404434159244
0.765,2.7560000000000002,0.11774608640662786,40.34074926854185,8.331487100235208,3.332594840094083
0.77,2.761,0.11813015057310065,40.24871320321003,8.304399810215623,3.321759924086249
0.775,2.766,0.11851282622125647,40.15735596314222,8.277585062131003,3.3110340248524013
0.78,2.771,0.1188941208674341,40.06667052520465,8.251038763252277,3.3004155053009105
0.785,2.7760000000000002,0.11927404197382001,39.9766499557103,8.224756902388904,3.2899027609555618
0.79,2.781,0.11965259694893522,39.88728740913927,8.198735547868356,3.2794942191473426
0.7949999999999999,2.786,0.12002979314811678,39.79857612687761,8.172970845575364,3.2691883382301454
0.8,2.7910000000000004,0.12040563787399419,39.71050943597448,8.147459017048913,3.258983606819565
0.8049999999999999,2.7960000000000003,0.12078013837696076,39.62308074791729,8.122196357634984,3.2488785430539933
0.81,2.801,0.1211533018556397,39.53628355742478,8.097179234693176,3.2388716938772704
0.815,2.806,0.12152513545734543,39.45011144125773,8.07240408585535,3.22896163434214
0.8200000000000001,2.811,0.12189564627853995,39.364558057047084,8.047867417334558,3.219146966933823
0.825,2.816,0.12226484136528419,39.279617142139344,8.02356580228259,3.2094263209130363
0.8300000000000001,2.821,0.12263272771368477,39.195282512458924,7.99949587919448,3.199798351677792
0.835,2.826,0.12299931227033589,39.11154806138737,7.975654350358435,3.190261740143374
0.8400000000000001,2.8310000000000004,0.12336460193275652,39.028407758659135,7.952037980349686,3.180815192139874
0.845,2.8360000000000003,0.12372860354982305,38.94585564927373,7.928643594566804,3.1714574378267217
0.8500000000000001,2.841,0.12409132392219736,38.863885852424076,7.905468077809101,3.1621872311236405
0.855,2.846,0.12445276980275025,38.782492560440744,7.882508372893772,3.153003349157509
0.86,2.851,0.1248129478969806,38.701670037752066,7.85976147931149,3.143904591724596
0.865,2.856,0.12517186486343004,38.62141261985961,7.837224451919203,3.1348897807676814
0.87,2.861,0.1255295273140932,38.541714712329174,7.8148943996689715,3.1259577598675885
0.875,2.866,0.12588594181482385,38.46257078979669,7.7927684843716305,3.117107393748652
0.88,2.871,0.12624111488573656,38.38397539498928,7.770843919494244,3.1083375677976974
0.885,2.8760000000000003,0.12659505300160434,38.305923137760786,7.749117968990209,3.0996471875960836
0.89,2.8810000000000002,0.1269477625922522,38.22840869414195,7.727587946161028,3.0910351784644114
0.895,2.886,0.12729925004294632,38.151426805404896,7.706251212548739,3.0825004850194953
0.9,2.891,0.12764952169477953,38.07497227714156,7.685105176858019,3.0740420707432077
