occurrence_name,quantity
Hexagon Thin Nut DIN 439-2 - M3 x 0.5 Steel 6 Plain,28
Pan Head Screw JIS B 1111 - M3 x 100 - H Steel 4.6 Plain,12
Pan Head Screw JIS B 1111 - M3 x 20 - H Steel 4.6 Plain,9
Hexagon Thin Nut DIN 439-2 - M2 x 0.4 Steel 6 Plain,6
Pan Head Screw JIS B 1111 - M3 x 90 - H Steel 4.6 Plain,6
Pan Head Screw JIS B 1111 - M2 x 8 - H Steel 4.6 Plain,4
MG966R-Servo,2
Pan Head Screw JIS B 1111 - M2 x 10 - H Steel 4.6 Plain,2
Pan Head Screw JIS B 1111 - M3 x 6 - H Steel 4.6 Plain,2
เกียร์ขวายาว,2
เกียร์ขวาสั้น,2
เกียร์ซ้ายยาว,2
เกียร์ซ้ายสั้น,2
Servo%20horn%20v2,1
sg90-dual-sided-arm,1
ฐานกล้อง,1
ฐานยึดเกียร์,1
ฝาหน้ากล้อง,1
ฝาหลังกล้อง,1
แขน (74.2mm),1
แขน (85mm),1
แขน servo,1
แขน servo horn,1
แขนก้านชิด (74.2mm),1
แขนก้านชิด (85mm),1
